1,Blondy Stollery,Chennai,89735
2,Romonda Cuolahan,Chennai,80594
3,Allissa Nattriss,Kolkata,64323
4,Margaret Peirazzi,Pune,85457
5,Gianna Chadwell,Pune,79716
6,Lexie Pucknell,Bhubaneshwar,112311
7,Say Piegrome,Mysore,118870
8,Devin Abell,Hyderabad,67382
9,Eugenie Harcombe,Bhubaneshwar,56682
10,Jannelle Dyde,Mysore,71345
11,Joshuah Knill,Pune,58886
12,Isak Mitchel,Mysore,82940
13,Danielle Emor,Mumbai,45521
14,Ellary Kirkhouse,Pune,82363
15,Binni Meugens,Hyderabad,74266
16,Morissa Hinzer,Mumbai,79063
17,Elwood Dunsford,Pune,109628
18,Danielle Hiom,Mumbai,71152
19,Ikey Grubbe,Kolkata,52508
20,Gayler Lovitt,Mysore,84054
21,Reidar Ondrich,Mumbai,88198
22,Eadith Kaesmans,Bangalore,122179
23,Ernaline Poundford,Pune,74502
24,Jillie Ovendale,New Delhi,96653
25,Kennan Joseph,Pune,117678
26,Betty Mattys,Chennai,112316
27,Zak Johnys,New Delhi,44700
28,Felice Hambribe,Kolkata,82887
29,Sarina Achrameev,Mysore,96588
30,Elihu Balthasar,Hyderabad,119090
31,Catherina Kiebes,Bhubaneshwar,110070
32,Simmonds Heppenspall,Hyderabad,59199
33,Idaline Lemoir,Mumbai,51591
34,Benyamin Duffill,Kolkata,46635
35,Arlie Carse,Pune,78491
36,Sean McClancy,Bhubaneshwar,65861
37,Olivia Bewshaw,Bangalore,76197
38,Yale Brower,Kolkata,103789
39,Dana Brewer,Chennai,60870
40,Berget Johannesson,Hyderabad,56728
41,Sven Lashford,Bhubaneshwar,120085
42,Frederik Chessun,New Delhi,78298
43,Fons Grimley,Mumbai,87887
44,Galven Laffan,Pune,82701
45,Phebe Keesman,Kolkata,109572
46,Alden Gennings,New Delhi,103923
47,Stoddard Davidof,Pune,114132
48,Miranda Bicker,Mysore,89875
49,Blake Luter,New Delhi,78818
50,Gabrila Korneev,Mumbai,88557
51,Grant Cocozza,Mysore,61975
52,Stillmann Jedrys,Bhubaneshwar,91491
53,Clint Kiebes,Bangalore,94599
54,Selene Auty,Mysore,124867
55,Abelard Pickle,Chennai,105461
56,Franciskus Busfield,Bhubaneshwar,117446
57,Madelin Wilfinger,Chennai,123247
58,Michelle Osler,Hyderabad,68399
59,Eugenie Dilliston,Bangalore,124731
60,Clare Tripony,Chennai,117749
61,Adrien Fegan,Kolkata,116073
62,Virgilio Van,Kolkata,61341
63,Massimo Baulcombe,Chennai,42937
64,Hubert Knightsbridge,Bhubaneshwar,116945
65,Maxie Wailes,Hyderabad,117654
66,Kira Ricardon,Mumbai,99187
67,Myrah Colbourn,Mysore,83201
68,Zola Luna,Hyderabad,118979
69,Jessalyn Matejovsky,Kolkata,109058
70,Holli Moyles,Mysore,121855
71,Elinor Lambard,Hyderabad,101457
72,Kelsy Lawling,Mumbai,82382
73,Gwenette Grigson,Hyderabad,50712
74,Clarie Swaby,Kolkata,62316
75,Hali Twiggins,Bangalore,94729
76,Francis Rodder,Pune,57648
77,Gail Jereatt,New Delhi,123166
78,Denyse Nother,Kolkata,101972
79,Meir Dudgeon,Chennai,87764
80,Nealy Lawry,Mysore,74211
81,Blaine Callender,Mumbai,51608
82,Cary Gerhardt,Mysore,48798
83,Franciskus Brocking,New Delhi,109822
84,Jocelyne Mallard,Pune,110627
85,Madonna Heam,Pune,72169
86,Candi Bamborough,New Delhi,80603
87,Auria Schwander,Pune,49007
88,Simonne Glasper,New Delhi,100111
89,Colby Bilbrooke,Pune,96967
90,Zachariah Smallthwaite,Pune,80422
91,Gerty Woodes,Kolkata,80487
92,Roda Ebbins,Bhubaneshwar,49215
93,Sinclair MacVanamy,Kolkata,57240
94,Calla Kinnerley,Chennai,122350
95,Harald Carlile,Bhubaneshwar,74915
96,Claudine Shellcross,Pune,61943
97,Aguste Drains,Bangalore,123775
98,Reyna Alderman,Mumbai,63048
99,Ethyl Ollis,Bhubaneshwar,102324
100,Lemuel Fildes,Hyderabad,97626
101,Kanya Andino,Chennai,88195
102,Shauna Cestard,Mumbai,56278
103,Hendrika Waterland,Pune,51513
104,Christoforo Spaice,Mumbai,51796
105,Gallagher Yonnie,Mysore,103472
106,Ebenezer Clamp,Bangalore,95025
107,Lebbie Godehard.sf,Mumbai,75008
108,Sherie Papaccio,Bangalore,120682
109,Emelita Dunseith,New Delhi,73365
110,Fonsie Fairham,Pune,90206
111,Alphonso Corah,Mysore,110625
112,Montgomery Kolak,Kolkata,121880
113,Lonna Stuckey,Pune,118891
114,Omar Beevors,Pune,47866
115,Valeria Brownsell,Bangalore,92819
116,Meta Thackwray,Bhubaneshwar,45740
117,Pierson Euels,Chennai,115063
118,Stevana Vizor,Mumbai,99104
119,Melamie Askell,Kolkata,67807
120,Delbert Smedmoor,Hyderabad,89198
121,Leon O'Brian,Pune,120695
122,Paco Alvarado,Pune,78124
123,Jarret Dahlberg,Mysore,87949
124,Desiree Neubigin,Kolkata,115114
125,Chas Storck,Pune,110231
126,Anallise Ramshay,Mysore,112784
127,Ramsay Weymouth,New Delhi,80126
128,Estel Vossing,Hyderabad,49784
129,Tiffi Donegan,Chennai,116416
130,Mord Sidry,Bangalore,83031
131,Winonah Kulvear,Mysore,102760
132,Prent Antonikov,Pune,106549
133,Winfield Wickham,Pune,106982
134,Fredek Reddyhoff,Chennai,105623
135,Barnard Rembrant,Bangalore,103422
136,Olva Warnes,Mysore,99279
137,Felicdad Pudner,Mumbai,74938
138,Nicolis Consadine,Mumbai,99329
139,Godwin Whiff,Kolkata,79586
140,Osbourne Smaridge,Mumbai,114124
141,Sherill Lissaman,New Delhi,78071
142,Tulley Cowlard,New Delhi,122336
143,Tildy McInerney,Mumbai,47902
144,Guy Blackmore,Bangalore,108812
145,Ashton Dubble,New Delhi,118691
146,Edee Calbreath,Mysore,108896
147,Emlyn Laden,Chennai,102724
148,Granger Fairpo,Kolkata,118193
149,Donnell Rablan,Bangalore,100693
150,Niven Hallad,Chennai,41417
151,Jarad Brougham,Bhubaneshwar,86765
152,Shena Beinke,Mumbai,52694
153,Evania Patemore,Bhubaneshwar,46840
154,Marleen Dinsdale,Mumbai,72709
155,Isa Fletcher,New Delhi,88034
156,Easter Richley,New Delhi,50031
157,Ryon Hamlet,Hyderabad,60745
158,Rafi Elcome,Mysore,71521
159,Fayette Fishleigh,Hyderabad,85339
160,Mikel O'Sheilds,Kolkata,63867
161,Gretchen Jakubiak,Chennai,73928
162,Gonzales Lamb-shine,Mumbai,70639
163,Levi Kopp,Chennai,53054
164,Jodie Risebrow,Mumbai,72903
165,Frieda Pietri,Chennai,47732
166,Franny Alfonsetti,Hyderabad,77218
167,Bryan Twopenny,Kolkata,60471
168,Cordy Howle,Kolkata,106644
169,Celeste Benza,Bangalore,121893
170,Rora Klulicek,Chennai,99762
171,Lance Hugett,Mysore,61222
172,Donnell Livezley,New Delhi,42607
173,Yanaton Baildon,Bangalore,68448
174,Skipp Kann,Hyderabad,81482
175,Waylin Proswell,Mumbai,41462
176,Faith Chitter,Hyderabad,95802
177,Ansel Kedwell,New Delhi,75654
178,Dahlia Fist,Hyderabad,93519
179,Glenda Eddins,Chennai,89360
180,Neils Coupland,Hyderabad,47614
181,Helene Limpertz,Kolkata,117157
182,Dominique Stoll,New Delhi,94540
183,Consalve Britner,Bhubaneshwar,56134
184,Chelsea Digman,Mysore,123356
185,Lucie Gemmill,Kolkata,89185
186,Mackenzie Cordeux,Chennai,63826
187,Tabina Lusher,Bangalore,72977
188,Hyacinthe Althrop,Chennai,94799
189,Fina Pote,Mumbai,54552
190,Yvonne Gertz,Bangalore,101039
191,Claudia Kollaschek,Chennai,75439
192,Karita Masterson,New Delhi,49420
193,Idell Dougher,Bangalore,122315
194,Eadith Shevlin,Mumbai,62097
195,Liliane Dolphin,New Delhi,87669
196,Laney Eilhersen,Mumbai,92640
197,Regina Hartle,Chennai,69112
198,Tomi Tenniswood,New Delhi,85835
199,Irv Habble,Bangalore,50213
200,Tabbie Landre,Chennai,83632
201,Kylila Strangwood,Bhubaneshwar,104000
202,Barbi Blaycock,Hyderabad,79054
203,Sauveur Quinn,Hyderabad,102462
204,Germayne De Gogay,Mysore,43237
205,Wolfgang Jutson,Bangalore,121631
206,Faun Fortesquieu,Chennai,73736
207,Damaris Matas,Pune,119394
208,Felix Whiteley,Hyderabad,93329
209,Goldy Nattrass,Pune,88430
210,Ewen Ayliffe,Chennai,52162
211,Moshe Cotelard,New Delhi,78697
212,Peirce Beningfield,Mysore,49516
213,Fionnula O'Mailey,Bangalore,76292
214,Zebadiah Gerriet,Kolkata,86218
215,Reeta Bust,Mysore,59170
216,Lori Bedham,New Delhi,71808
217,Brandon Chattey,Mysore,90062
218,Devonna Sappson,Chennai,93756
219,Lon Bains,Chennai,40496
220,Reinwald McGrudder,Kolkata,48916
221,Cord Lippiatt,Bhubaneshwar,79407
222,Davey Penniell,Hyderabad,101541
223,Dulci Fayerbrother,Kolkata,82177
224,Rudiger Smitheram,Mysore,44219
225,Karon Jorg,Kolkata,76994
226,Judas Mangeon,Bhubaneshwar,106606
227,Shane Crowcroft,Pune,45403
228,Weston Bonhomme,New Delhi,92084
229,Edwin Brisset,Hyderabad,97817
230,Timmi Wrangle,Kolkata,97169
231,Clevie Tsar,Pune,44427
232,Florentia Pinsent,Hyderabad,52676
233,Tyrus Mival,New Delhi,95181
234,Gregorio Effemy,Chennai,101807
235,Suzanna Bodemeaid,Mysore,76527
236,Vanni Waitland,Pune,102484
237,Gaelan Saphin,Pune,66352
238,Nico Dunlop,New Delhi,75786
239,Avie Cutteridge,Pune,62005
240,Amberly Bamling,New Delhi,48165
241,Rocky Vuittet,Pune,86518
242,Kimberly Rawson,Kolkata,112311
243,Dorene Tunnadine,Bhubaneshwar,101852
244,Betsey Tunnick,Pune,82440
245,Ebba Bocken,New Delhi,93341
246,Edgard Aarons,Mumbai,93306
247,Luther Swetmore,Mysore,84752
248,Barthel Smullen,Mumbai,84839
249,Kristal O'Henehan,Mumbai,43566
250,Bentley Westney,Hyderabad,56922
251,Timmi Woltering,Kolkata,98258
252,Silvester Philimore,Mumbai,74930
253,Kearney Caulton,Kolkata,47614
254,Olivette Glasner,Pune,116973
255,Wayland Whitloe,Bangalore,77781
256,Matthias Ficken,Mysore,99595
257,Chad Bowerman,New Delhi,124988
258,Stevana Scuffham,Mysore,116005
259,Kleon Jeannon,Chennai,66448
260,Raviv Rops,Chennai,112896
261,Urbano Bantick,Bhubaneshwar,53738
262,Pollyanna Drillingcourt,Mysore,115602
263,Bernadette Boulger,Hyderabad,98540
264,Vere Paxton,Bhubaneshwar,92769
265,Augustina Braizier,Mumbai,94857
266,Hollyanne Sibery,Hyderabad,110599
267,Marve Darrel,Pune,116485
268,Freida Caston,Chennai,52481
269,Aharon Marner,Mumbai,62444
270,Grove Louisot,Pune,118216
271,Geralda McBeth,Bhubaneshwar,93920
272,Allister Wheway,New Delhi,72403
273,Anne Plaskitt,Mumbai,62022
274,Eada Hotchkin,New Delhi,63425
275,Amye Mazzei,Hyderabad,100219
276,Idaline Gidden,Kolkata,116910
277,Olivier Matevosian,Bhubaneshwar,75016
278,Cass Bolduc,Mumbai,100650
279,Phillie Trickey,Mumbai,96163
280,Ericka Parffrey,Chennai,111389
281,Bren Darch,Bhubaneshwar,65382
282,Arlie Castellino,Kolkata,58951
283,George Kellaway,Bangalore,123180
284,Frederich Sainsberry,Mysore,119142
285,Jojo Behrens,Kolkata,77999
286,Christoffer Puden,Mysore,116285
287,Dave Newdick,Bangalore,82421
288,Hilton Hart,Mysore,108561
289,Ainslie Clarage,Bangalore,114978
290,Terri Izkoveski,Mysore,44288
291,Binny Blaycock,Bhubaneshwar,60225
292,Phyllis Matis,Hyderabad,68282
293,Golda Farnan,Bangalore,96710
294,Ad Tivolier,Chennai,101648
295,Lodovico Bunting,Chennai,60006
296,Shermie Finnis,Kolkata,97337
297,Ruthe Beachem,Kolkata,78286
298,Alford Stonall,Kolkata,94307
299,Anthiathia Blincowe,Chennai,120112
300,Olin Halligan,Bangalore,85697
301,Izak Brokenshire,Mysore,81728
302,Cahra Sante,Pune,57126
303,Lina Jurczik,Mysore,54851
304,Sandi Fandrich,Pune,80492
305,Farrand Evennett,Mysore,45084
306,Jacynth Osmint,Pune,112369
307,Alameda Sloper,Mumbai,118620
308,Cristobal Catcherside,Mysore,51601
309,Wendeline Stetson,Pune,70970
310,Hailee Baynham,New Delhi,117117
311,Tamarra Le Fleming,New Delhi,80028
312,Travis Hast,New Delhi,48706
313,Tonnie Foort,New Delhi,75958
314,Jen Glaves,Hyderabad,67973
315,Eirena Edsell,Mysore,120674
316,Merv Bronot,Pune,48032
317,Currey Dourin,Mysore,50506
318,Marcello Van Daalen,Pune,61096
319,Lillis Spinige,Hyderabad,62178
320,Rustie Paunton,Mumbai,106591
321,Barnett Gravell,Chennai,50699
322,Leanna Kuhlmey,Chennai,121015
323,Cornelius Babalola,Mumbai,70121
324,Cornela Looney,Pune,103747
325,Amby Dolby,Hyderabad,70792
326,Noelyn Rasch,Mysore,59962
327,Phylis Davio,Hyderabad,50158
328,Margarita Dolbey,Mysore,118379
329,Raddie Snap,Chennai,52324
330,Kerwinn Esson,Pune,103816
331,Noe Chesnay,Bhubaneshwar,67905
332,Ephrem Patemore,Bhubaneshwar,87899
333,Madonna Harrigan,Bangalore,52839
334,Cooper Bilsford,Chennai,116467
335,Arluene Kettridge,Mysore,122457
336,Ephrem Janatka,Mysore,69957
337,Peder Caton,Mumbai,42481
338,Adolph Fryd,Chennai,102787
339,Abbie Thornber,Bhubaneshwar,124564
340,Kerk Iapico,Pune,96160
341,Colet Ceschi,Mysore,118438
342,Ibrahim Persitt,Hyderabad,57788
343,Zarah Aldrin,Bangalore,81644
344,Manny McMillan,Bhubaneshwar,74825
345,Vale Lunbech,Hyderabad,50987
346,Ramsay Conkling,Pune,98100
347,Kamillah Glackin,Kolkata,94767
348,Idell Brandin,Chennai,60531
349,Barnard Shyram,Bangalore,75333
350,Gardener Maplethorpe,Pune,101728
351,Rowland Whal,Mysore,73211
352,Janaya Bryde,Chennai,43612
353,Lyndsey Josipovic,Kolkata,89125
354,Worden Graeber,Hyderabad,59772
355,Kalinda Sandels,Mysore,118706
356,Robert Treasure,Bangalore,47474
357,Kath Trowler,Hyderabad,56460
358,Cly Tippings,Hyderabad,55218
359,Venita Sullens,Mumbai,95329
360,Mavra Keneleyside,Mysore,124395
361,Nichols Worshall,Bangalore,72277
362,Harman Rabley,Hyderabad,51142
363,Gratia De la croix,Mysore,80475
364,Tania Ireson,Mysore,121009
365,Tine Crucetti,Pune,59495
366,Killie Voisey,New Delhi,64108
367,Camile Howbrook,Bangalore,119385
368,Dorene Mepham,Hyderabad,102391
369,Kyla Kenealy,Chennai,45058
370,Orton Scay,Pune,59063
371,Odey Whittleton,Kolkata,51133
372,Henrietta Barthelet,Pune,114230
373,Meta Drewery,Bangalore,75298
374,Delmar Abrey,Chennai,68298
375,Adore Geaveny,Hyderabad,109504
376,Ellissa Kelson,Mumbai,48026
377,Dione Footer,New Delhi,114211
378,Jerry Gallichan,Chennai,118276
379,Onfroi Ogus,Pune,97060
380,Suzann Thams,Chennai,115398
381,Isiahi Leeburn,New Delhi,70118
382,Percy Brandacci,Kolkata,80825
383,Francoise MacAirt,Pune,109880
384,Vinita Rodd,New Delhi,79574
385,Laurens Mussen,Kolkata,120283
386,Trescha Gladeche,New Delhi,119563
387,Pooh Hune,Mysore,52683
388,Leena Oman,New Delhi,64488
389,Dotty Case,Mysore,70541
390,Reese Simcoe,Chennai,70943
391,Morena Rustadge,Mumbai,40895
392,Herminia Parmeter,Bangalore,48975
393,Deloria Sciacovelli,New Delhi,81581
394,Vivia Titford,Bhubaneshwar,120295
395,Gert Elfitt,Mumbai,103871
396,Goldia Norman,Pune,121908
397,Reuben Eskriet,Kolkata,64749
398,Dillon Dunks,Chennai,111121
399,Wendy Gudde,Hyderabad,93125
400,Lexis Canny,Bhubaneshwar,121350
401,Blondelle Rexworthy,Mysore,120736
402,Nicola Houson,Kolkata,120904
403,Luigi Earles,New Delhi,104870
404,Shurwood Szimoni,Mysore,120398
405,Fowler Messier,Pune,124070
406,Obadias Anderl,New Delhi,124409
407,Briano Harbison,Bangalore,94904
408,Lucius Cains,Hyderabad,97634
409,Em Gribbon,Kolkata,41200
410,Maible Ohm,New Delhi,123665
411,Ebenezer Prawle,Bangalore,58227
412,Solomon Gribbell,Mysore,41914
413,Maurie Lampet,Chennai,103504
414,Maryanna Franzini,Hyderabad,76001
415,Berti Treffrey,Hyderabad,105952
416,Kayne Ewbanck,Chennai,57609
417,Sterne Rasell,Mumbai,106857
418,Malchy Saunton,New Delhi,50268
419,Juanita Nell,Mysore,95942
420,Bronnie Swinden,New Delhi,100001
421,Carline Fishbourne,New Delhi,87353
422,Lance Berge,Bhubaneshwar,73331
423,Nisse Dall,Chennai,115135
424,Harland Tantrum,Chennai,68913
425,Payton Staden,Pune,94477
426,Federica Speddin,Hyderabad,93020
427,Elizabeth Druett,Chennai,114572
428,Selma Davidovic,Mumbai,46718
429,Hobie Goude,New Delhi,67953
430,Dot McCurrie,Mysore,62714
431,Gauthier Katz,Bhubaneshwar,92017
432,Nicola Kincaid,Hyderabad,76384
433,Ingrim Daughton,Bangalore,64475
434,Dorothy Roskams,Bangalore,82060
435,Shae Dodimead,Mysore,54935
436,Janeen de Grey,Pune,52421
437,Lynett Rubin,Mumbai,65948
438,Melli Degli Antoni,New Delhi,109981
439,Jamill Streak,Bangalore,44335
440,Lizabeth Agglione,Bangalore,70091
441,Laurianne Newey,New Delhi,95505
442,Dasie Beecheno,New Delhi,80986
443,Ulla Antczak,Mysore,89519
444,Charissa Eglin,Kolkata,107292
445,Trstram Pettisall,Hyderabad,73314
446,Darelle Heed,Kolkata,102155
447,Isahella Forte,Mysore,106176
448,Maudie Leak,Bhubaneshwar,108294
449,Britteny Boodell,Kolkata,67975
450,Roldan Escalero,Pune,55951
451,Modesta Gouldstone,New Delhi,77536
452,Petronilla Coffee,Chennai,76305
453,Waylen Arndtsen,Chennai,62474
454,Micki Radley,Chennai,82457
455,Godard Callister,Chennai,70391
456,Christabella Geistmann,Mysore,54458
457,Harp Serridge,Mysore,112940
458,Raul Nice,Hyderabad,45074
459,Arvy Downer,Hyderabad,67734
460,Jaimie Iglesia,Mysore,86712
461,Trix von Grollmann,Mysore,119404
462,Mair Moraleda,New Delhi,68656
463,Marguerite Goble,Mysore,84208
464,Mohammed Braycotton,Bangalore,79028
465,Raynor Lilly,Hyderabad,62600
466,Alexander Aspy,Chennai,109218
467,Vivien Corser,Pune,41708
468,Roger Greenslade,Chennai,97989
469,Whitaker Tampling,Kolkata,81388
470,Leicester Laity,Bangalore,93525
471,Ettie McKune,Bangalore,52486
472,Kent Shearsby,Pune,52842
473,Dulcinea Stitt,Bhubaneshwar,88740
474,Leoine Grouer,Bhubaneshwar,49798
475,Abrahan Clemitt,Mysore,101018
476,Osbourn Eykelbosch,Mysore,72283
477,Aurelie Conford,Mysore,116675
478,Wyndham Guile,Mysore,48448
479,Fergus Ward,Mumbai,93969
480,Randie Castleman,Kolkata,94206
481,Ingamar D'Aguanno,Kolkata,46576
482,Davin Alben,Bangalore,104703
483,Clemmy Silmon,Chennai,93286
484,Robyn Fogel,Bhubaneshwar,103206
485,Saraann Filisov,Hyderabad,67978
486,Vernon Bonder,Kolkata,78597
487,Cale Jansky,Pune,70806
488,Janaya Blunsum,Bangalore,87174
489,Roselin Keaves,Pune,104979
490,Andrea Krook,New Delhi,40177
491,Dietrich Dudman,Kolkata,54246
492,Lucais Wark,New Delhi,72908
493,Alexis Moorhouse,New Delhi,78784
494,Meade Cavilla,Mysore,71865
495,Corrianne Arnould,Chennai,95657
496,Melva Barkly,Bhubaneshwar,86812
497,Kelwin Filippello,Bhubaneshwar,93688
498,Annabela Langtree,Kolkata,116512
499,Gavin Lushey,Chennai,46914
500,Blinnie Mourant,Kolkata,69485
